file;source;source_url;license;license_spdx;query;coarse_type;coarse_confidence;aspect;yellow_ratio;width;height;faces_blurred;conditions;label_status
raw_downloads/wikimedia_commons/Hipodromo_en_Tjumeno_01_jpg.jpg;wikimedia_commons;https://commons.wikimedia.org/wiki/File:Hipodromo_en_Tjumeno_01.jpg;CC BY 4.0;CC-BY-4.0;taxi Russia license plate;type1b;query_hint;2.222;0.008;1280;576;0;day;pending_stage4
raw_downloads/wikimedia_commons/Lada_Nova1_jpg.jpg;wikimedia_commons;https://commons.wikimedia.org/wiki/File:Lada_Nova1.jpg;CC BY 2.0;CC-BY-2.0;taxi Russia license plate;type1b;query_hint;1.495;0.030;800;535;0;day;pending_stage4
raw_downloads/wikimedia_commons/Lada_Nova2_jpg.jpg;wikimedia_commons;https://commons.wikimedia.org/wiki/File:Lada_Nova2.jpg;CC BY 2.0;CC-BY-2.0;taxi Russia license plate;type1b;query_hint;1.495;0.009;800;535;0;day;pending_stage4
raw_downloads/wikimedia_commons/Lada_Nova3_jpg.jpg;wikimedia_commons;https://commons.wikimedia.org/wiki/File:Lada_Nova3.jpg;CC BY 2.0;CC-BY-2.0;taxi Russia license plate;type1b;query_hint;1.495;0.009;800;535;0;day,glare;pending_stage4
raw_downloads/wikimedia_commons/Licenseplate_Russia_Buss_-_Taxi_01_jpg.jpg;wikimedia_commons;https://commons.wikimedia.org/wiki/File:Licenseplate_Russia_Buss_-_Taxi_01.jpg;CC BY-SA 4.0;CC-BY-SA-4.0;taxi Russia license plate;type1b;query_hint;4.794;0.665;1280;267;0;day;pending_stage4
raw_downloads/wikimedia_commons/Licenseplate_Russia_Buss_-_Taxi_02_jpg.jpg;wikimedia_commons;https://commons.wikimedia.org/wiki/File:Licenseplate_Russia_Buss_-_Taxi_02.jpg;CC BY-SA 4.0;CC-BY-SA-4.0;taxi Russia license plate;type1b;query_hint;4.399;0.653;1280;291;0;day,glare;pending_stage4
raw_downloads/wikimedia_commons/Moscow__FAW_Bestune_B70_taxi_with_Kalmykia_plates__Aug_2025_01_jpg.jpg;wikimedia_commons;https://commons.wikimedia.org/wiki/File:Moscow,_FAW_Bestune_B70_taxi_with_Kalmykia_plates,_Aug_2025_01.jpg;CC0;CC0-1.0;taxi Russia license plate;type1b;query_hint;1.501;0.014;1280;853;0;day;pending_stage4
raw_downloads/wikimedia_commons/Moscow__Fiat_Doblo_in_taxi_livery__July_2025_01_jpg.jpg;wikimedia_commons;https://commons.wikimedia.org/wiki/File:Moscow,_Fiat_Doblo_in_taxi_livery,_July_2025_01.jpg;CC0;CC0-1.0;taxi Russia license plate;type1b;query_hint;1.501;0.172;1280;853;0;day;pending_stage4
raw_downloads/wikimedia_commons/Moscow__Toyota_HiAce__H200__Sept_2025_01_jpg.jpg;wikimedia_commons;https://commons.wikimedia.org/wiki/File:Moscow,_Toyota_HiAce_(H200)_Sept_2025_01.jpg;CC0;CC0-1.0;taxi Russia license plate;type1b;query_hint;1.499;0.067;1280;854;0;day;pending_stage4
raw_downloads/wikimedia_commons/Petrozavodsk_traffic_taxi_jpg.jpg;wikimedia_commons;https://commons.wikimedia.org/wiki/File:Petrozavodsk_traffic_taxi.jpg;Public domain;CC0-1.0;taxi Russia license plate;type1b;query_hint;1.497;0.007;1280;855;0;day;pending_stage4
raw_downloads/wikimedia_commons/Russian_license_plate__for_taxi__buses__png.png;wikimedia_commons;https://commons.wikimedia.org/wiki/File:Russian_license_plate_(for_taxi,_buses).png;Public domain;CC0-1.0;taxi Russia license plate;type1b;query_hint;4.942;0.686;1280;259;0;day;pending_stage4
raw_downloads/wikimedia_commons/Taxi_in_Novosibirsk_jpg.jpg;wikimedia_commons;https://commons.wikimedia.org/wiki/File:Taxi_in_Novosibirsk.jpg;CC BY-SA 3.0;CC-BY-SA-3.0;taxi Russia license plate;type1b;query_hint;1.333;0.125;1280;960;0;day;pending_stage4
raw_downloads/wikimedia_commons/Uber_taxi_in_Tomsk_01_jpg.jpg;wikimedia_commons;https://commons.wikimedia.org/wiki/File:Uber_taxi_in_Tomsk_01.jpg;CC BY-SA 4.0;CC-BY-SA-4.0;taxi Russia license plate;type1b;query_hint;1.501;0.283;1280;853;0;day;pending_stage4
raw_downloads/wikimedia_commons/Uber_taxi_in_Tomsk_02_jpg.jpg;wikimedia_commons;https://commons.wikimedia.org/wiki/File:Uber_taxi_in_Tomsk_02.jpg;CC BY-SA 4.0;CC-BY-SA-4.0;taxi Russia license plate;type1b;query_hint;1.501;0.071;1280;853;0;day,glare;pending_stage4
raw_downloads/wikimedia_commons/Vykhino__Moscow_taxi_and_bus_jpeg.jpg;wikimedia_commons;https://commons.wikimedia.org/wiki/File:Vykhino,_Moscow_taxi_and_bus.jpeg;CC BY-SA 2.0;CC-BY-SA-2.0;taxi Russia license plate;type1b;query_hint;1.333;0.020;1280;960;0;day;pending_stage4
raw_downloads/wikimedia_commons/Zaporoĵec_ZAZ-968M_jpg.jpg;wikimedia_commons;https://commons.wikimedia.org/wiki/File:Zaporo%C4%B5ec_ZAZ-968M.jpg;CC BY-SA 4.0;CC-BY-SA-4.0;taxi Russia license plate;type1b;query_hint;1.778;0.111;1280;720;0;day;pending_stage4
raw_downloads/wikimedia_commons/2009_Volkswagen_New_Beetle_в_Санкт-Петербурге_01_jpg.jpg;wikimedia_commons;https://commons.wikimedia.org/wiki/File:2009_Volkswagen_New_Beetle_%D0%B2_%D0%A1%D0%B0%D0%BD%D0%BA%D1%82-%D0%9F%D0%B5%D1%82%D0%B5%D1%80%D0%B1%D1%83%D1%80%D0%B3%D0%B5_01.jpg;CC BY-SA 4.0;CC-BY-SA-4.0;yellow license plate Russia;type1b;query_hint;1.333;0.187;1280;960;0;day;pending_stage4
raw_downloads/wikimedia_commons/2009_Volkswagen_New_Beetle_в_Санкт-Петербурге_02_jpg.jpg;wikimedia_commons;https://commons.wikimedia.org/wiki/File:2009_Volkswagen_New_Beetle_%D0%B2_%D0%A1%D0%B0%D0%BD%D0%BA%D1%82-%D0%9F%D0%B5%D1%82%D0%B5%D1%80%D0%B1%D1%83%D1%80%D0%B3%D0%B5_02.jpg;CC BY-SA 4.0;CC-BY-SA-4.0;yellow license plate Russia;type1b;query_hint;0.753;0.338;1280;1699;0;day,glare;pending_stage4
raw_downloads/wikimedia_commons/Architecture_of_Ekaterinburg__Russia__-_panoramio__318__jpg.jpg;wikimedia_commons;https://commons.wikimedia.org/wiki/File:Architecture_of_Ekaterinburg,_Russia._-_panoramio_(318).jpg;CC BY 3.0;CC-BY-3.0;yellow license plate Russia;type1b;query_hint;1.501;0.021;1280;853;0;day;pending_stage4
raw_downloads/wikimedia_commons/Architecture_of_Ekaterinburg__Russia__-_panoramio__319__jpg.jpg;wikimedia_commons;https://commons.wikimedia.org/wiki/File:Architecture_of_Ekaterinburg,_Russia._-_panoramio_(319).jpg;CC BY 3.0;CC-BY-3.0;yellow license plate Russia;type1b;query_hint;1.501;0.016;1280;853;0;day;pending_stage4
raw_downloads/wikimedia_commons/Architecture_of_Ekaterinburg__Russia__-_panoramio__323__jpg.jpg;wikimedia_commons;https://commons.wikimedia.org/wiki/File:Architecture_of_Ekaterinburg,_Russia._-_panoramio_(323).jpg;CC BY 3.0;CC-BY-3.0;yellow license plate Russia;type1b;query_hint;1.501;0.009;1280;853;0;day;pending_stage4
raw_downloads/wikimedia_commons/Architecture_of_Ekaterinburg__Russia__-_panoramio__327__jpg.jpg;wikimedia_commons;https://commons.wikimedia.org/wiki/File:Architecture_of_Ekaterinburg,_Russia._-_panoramio_(327).jpg;CC BY 3.0;CC-BY-3.0;yellow license plate Russia;type1b;query_hint;1.501;0.022;1280;853;0;day;pending_stage4
raw_downloads/wikimedia_commons/Farallon_Plate_jpg.jpg;wikimedia_commons;https://commons.wikimedia.org/wiki/File:Farallon_Plate.jpg;Public domain;CC0-1.0;yellow license plate Russia;type1b;query_hint;1.348;0.492;647;480;0;day,motion_blur;pending_stage4
raw_downloads/wikimedia_commons/Isuzu_bus_in_Cheboksary__Russia_jpg.jpg;wikimedia_commons;https://commons.wikimedia.org/wiki/File:Isuzu_bus_in_Cheboksary,_Russia.jpg;CC BY-SA 3.0;CC-BY-SA-3.0;yellow license plate Russia;type1b;query_hint;1.333;0.138;1280;960;0;day;pending_stage4
raw_downloads/wikimedia_commons/KamAZ-6520_Yellow_2_jpg.jpg;wikimedia_commons;https://commons.wikimedia.org/wiki/File:KamAZ-6520_Yellow_2.jpg;CC BY-SA 4.0;CC-BY-SA-4.0;yellow license plate Russia;type1b;query_hint;2.169;0.174;1280;590;0;day;pending_stage4
raw_downloads/wikimedia_commons/Licenseplate_Russia_Buss_jpg.jpg;wikimedia_commons;https://commons.wikimedia.org/wiki/File:Licenseplate_Russia_Buss.jpg;CC BY-SA 3.0;CC-BY-SA-3.0;yellow license plate Russia;type1b;query_hint;4.523;0.721;1280;283;0;day;pending_stage4
raw_downloads/wikimedia_commons/Reutov__Moscow_Oblast__Russia_-_panoramio__49__jpg.jpg;wikimedia_commons;https://commons.wikimedia.org/wiki/File:Reutov,_Moscow_Oblast,_Russia_-_panoramio_(49).jpg;CC BY 3.0;CC-BY-3.0;yellow license plate Russia;type1b;query_hint;1.506;0.010;1280;850;0;day,glare;pending_stage4
raw_downloads/wikimedia_commons/Roslavl_yellow_bus_jpg.jpg;wikimedia_commons;https://commons.wikimedia.org/wiki/File:Roslavl_yellow_bus.jpg;CC BY-SA 3.0;CC-BY-SA-3.0;yellow license plate Russia;type1b;query_hint;1.501;0.171;1280;853;0;day;pending_stage4
raw_downloads/wikimedia_commons/Soup_Plate__Russia___1756_early_1760s__CH_68246011__jpg.jpg;wikimedia_commons;https://commons.wikimedia.org/wiki/File:Soup_Plate_(Russia),_1756%E2%80%93early_1760s_(CH_68246011).jpg;Public domain;CC0-1.0;yellow license plate Russia;type1b;query_hint;1.023;0.015;1280;1251;0;day;pending_stage4
raw_downloads/wikimedia_commons/Soup_Plate__Russia___1756_early_1760s__CH_68246011-2__jpg.jpg;wikimedia_commons;https://commons.wikimedia.org/wiki/File:Soup_Plate_(Russia),_1756%E2%80%93early_1760s_(CH_68246011-2).jpg;Public domain;CC0-1.0;yellow license plate Russia;type1b;query_hint;0.976;0.021;1280;1311;0;day,glare;pending_stage4
raw_downloads/wikimedia_commons/Staraya_Titovka_-_02_jpg.jpg;wikimedia_commons;https://commons.wikimedia.org/wiki/File:Staraya_Titovka_-_02.jpg;CC BY-SA 4.0;CC-BY-SA-4.0;yellow license plate Russia;type1b;query_hint;1.501;0.240;1280;853;0;day;pending_stage4
raw_downloads/wikimedia_commons/USSR__RUSSIAN_S_F_S_R__OREL_1981_SERIES_-TRACTOR_PLATE_-_Flickr_-_woody1778a_jpg.jpg;wikimedia_commons;https://commons.wikimedia.org/wiki/File:USSR,_RUSSIAN_S.F.S.R._OREL_1981_SERIES_-TRACTOR_PLATE_-_Flickr_-_woody1778a.jpg;CC BY-SA 2.0;CC-BY-SA-2.0;yellow license plate Russia;type1b;query_hint;1.362;0.173;1280;940;0;day;pending_stage4
raw_downloads/wikimedia_commons/Yellow_Moskvitch_2140_back_jpg.jpg;wikimedia_commons;https://commons.wikimedia.org/wiki/File:Yellow_Moskvitch_2140_back.jpg;CC BY-SA 2.0;CC-BY-SA-2.0;yellow license plate Russia;type1b;query_hint;1.333;0.333;1280;960;0;day;pending_stage4
raw_downloads/wikimedia_commons/Hyundai_Sonata_Yandex_self-driving_in_the_cars_flow_jpg.jpg;wikimedia_commons;https://commons.wikimedia.org/wiki/File:Hyundai_Sonata_Yandex_self-driving_in_the_cars_flow.jpg;CC BY-SA 4.0;CC-BY-SA-4.0;Yandex Taxi car;type1b;query_hint;1.778;0.001;1280;720;0;day;pending_stage4
raw_downloads/wikimedia_commons/Moscow__Yandex_self-driving_Hyundai_Sonata__Apr_2026_03_jpg.jpg;wikimedia_commons;https://commons.wikimedia.org/wiki/File:Moscow,_Yandex_self-driving_Hyundai_Sonata,_Apr_2026_03.jpg;CC0;CC0-1.0;Yandex Taxi car;type1b;query_hint;1.333;0.020;1280;960;0;day;pending_stage4
raw_downloads/wikimedia_commons/Moscow__Yandex_self-driving_Hyundai_Sonata__Apr_2026_04_jpg.jpg;wikimedia_commons;https://commons.wikimedia.org/wiki/File:Moscow,_Yandex_self-driving_Hyundai_Sonata,_Apr_2026_04.jpg;CC0;CC0-1.0;Yandex Taxi car;type1b;query_hint;1.333;0.042;1280;960;0;day;pending_stage4
raw_downloads/wikimedia_commons/Moscow__Yandex_self-driving_Hyundai_Sonata__Aug_2025_03_jpg.jpg;wikimedia_commons;https://commons.wikimedia.org/wiki/File:Moscow,_Yandex_self-driving_Hyundai_Sonata,_Aug_2025_03.jpg;CC0;CC0-1.0;Yandex Taxi car;type1b;query_hint;1.417;0.006;1280;903;0;day;pending_stage4
raw_downloads/wikimedia_commons/Moscow__Yandex_self-driving_Hyundai_Sonata__Aug_2025_06_jpg.jpg;wikimedia_commons;https://commons.wikimedia.org/wiki/File:Moscow,_Yandex_self-driving_Hyundai_Sonata,_Aug_2025_06.jpg;CC0;CC0-1.0;Yandex Taxi car;type1b;query_hint;1.501;0.006;1280;853;0;day;pending_stage4
raw_downloads/wikimedia_commons/Moscow__Yandex_self-driving_Hyundai_Sonata__Robotaxi_livery__Mar_2026_01_jpg.jpg;wikimedia_commons;https://commons.wikimedia.org/wiki/File:Moscow,_Yandex_self-driving_Hyundai_Sonata,_Robotaxi_livery,_Mar_2026_01.jpg;CC0;CC0-1.0;Yandex Taxi car;type1b;query_hint;1.411;0.004;1280;907;0;day;pending_stage4
raw_downloads/wikimedia_commons/Moscow__Yandex_self-driving_Hyundai_Sonata__Robotaxi_livery__Mar_2026_02_jpg.jpg;wikimedia_commons;https://commons.wikimedia.org/wiki/File:Moscow,_Yandex_self-driving_Hyundai_Sonata,_Robotaxi_livery,_Mar_2026_02.jpg;CC0;CC0-1.0;Yandex Taxi car;type1b;query_hint;1.501;0.008;1280;853;0;day;pending_stage4
raw_downloads/wikimedia_commons/Moscow__Yandex_self-driving_Hyundai_Sonata__Sept_2025_11_jpg.jpg;wikimedia_commons;https://commons.wikimedia.org/wiki/File:Moscow,_Yandex_self-driving_Hyundai_Sonata,_Sept_2025_11.jpg;CC0;CC0-1.0;Yandex Taxi car;type1b;query_hint;1.637;0.075;1280;782;0;day,glare;pending_stage4
raw_downloads/wikimedia_commons/Moscow__Yandex_self-driving_Toyota_Prius__Dec_2025_01_jpg.jpg;wikimedia_commons;https://commons.wikimedia.org/wiki/File:Moscow,_Yandex_self-driving_Toyota_Prius,_Dec_2025_01.jpg;CC0;CC0-1.0;Yandex Taxi car;type1b;query_hint;1.501;0.019;1280;853;0;day,glare;pending_stage4
raw_downloads/wikimedia_commons/Moscow__Yandex_self-driving_Toyota_Prius__Oct_2025_01_jpg.jpg;wikimedia_commons;https://commons.wikimedia.org/wiki/File:Moscow,_Yandex_self-driving_Toyota_Prius,_Oct_2025_01.jpg;CC0;CC0-1.0;Yandex Taxi car;type1b;query_hint;1.578;0.005;1280;811;0;day;pending_stage4
raw_downloads/wikimedia_commons/Yandex_Self-driving_Sonata_6_jpg.jpg;wikimedia_commons;https://commons.wikimedia.org/wiki/File:Yandex_Self-driving_Sonata_6.jpg;CC BY-SA 4.0;CC-BY-SA-4.0;Yandex Taxi car;type1b;query_hint;1.501;0.007;1280;853;0;day;pending_stage4
raw_downloads/wikimedia_commons/Yandex_robotaxi_jpg.jpg;wikimedia_commons;https://commons.wikimedia.org/wiki/File:Yandex_robotaxi.jpg;CC BY-SA 4.0;CC-BY-SA-4.0;Yandex Taxi car;type1b;query_hint;1.501;0.030;1280;853;0;day;pending_stage4
raw_downloads/wikimedia_commons/Yandex_self-driving_car_2023-07_1690037974_jpg.jpg;wikimedia_commons;https://commons.wikimedia.org/wiki/File:Yandex_self-driving_car_2023-07_1690037974.jpg;CC BY-SA 4.0;CC-BY-SA-4.0;Yandex Taxi car;type1b;query_hint;1.494;0.042;1280;857;0;day;pending_stage4
raw_downloads/wikimedia_commons/Yandex_self-driving_car_2023-07_1690038067_jpg.jpg;wikimedia_commons;https://commons.wikimedia.org/wiki/File:Yandex_self-driving_car_2023-07_1690038067.jpg;CC BY-SA 4.0;CC-BY-SA-4.0;Yandex Taxi car;type1b;query_hint;1.494;0.052;1280;857;0;day;pending_stage4
raw_downloads/wikimedia_commons/Yandex_self-driving_car_2023-07_1690038115_jpg.jpg;wikimedia_commons;https://commons.wikimedia.org/wiki/File:Yandex_self-driving_car_2023-07_1690038115.jpg;CC BY-SA 4.0;CC-BY-SA-4.0;Yandex Taxi car;type1b;query_hint;1.494;0.008;1280;857;0;day;pending_stage4
raw_downloads/wikimedia_commons/Yandex_self-driving_car_2023-07_1690038130_jpg.jpg;wikimedia_commons;https://commons.wikimedia.org/wiki/File:Yandex_self-driving_car_2023-07_1690038130.jpg;CC BY-SA 4.0;CC-BY-SA-4.0;Yandex Taxi car;type1b;query_hint;1.494;0.006;1280;857;0;day;pending_stage4
raw_downloads/wikimedia_commons/Yandex_self-driving_car_in_Saint_Petersburg_-_2026-03-15a_jpg.jpg;wikimedia_commons;https://commons.wikimedia.org/wiki/File:Yandex_self-driving_car_in_Saint_Petersburg_-_2026-03-15a.jpg;CC BY-SA 4.0;CC-BY-SA-4.0;Yandex Taxi car;type1b;query_hint;1.778;0.001;1280;720;0;day,glare;pending_stage4
raw_downloads/wikimedia_commons/Yandex_self-driving_car_in_Saint_Petersburg_-_2026-03-15b_jpg.jpg;wikimedia_commons;https://commons.wikimedia.org/wiki/File:Yandex_self-driving_car_in_Saint_Petersburg_-_2026-03-15b.jpg;CC BY-SA 4.0;CC-BY-SA-4.0;Yandex Taxi car;type1b;query_hint;1.778;0.001;1280;720;0;day,glare;pending_stage4
raw_downloads/wikimedia_commons/Yandex_taxi_and_Yandex_self-driving_car_during_January_2021_jpg.jpg;wikimedia_commons;https://commons.wikimedia.org/wiki/File:Yandex_taxi_and_Yandex_self-driving_car_during_January_2021.jpg;CC BY-SA 4.0;CC-BY-SA-4.0;Yandex Taxi car;type1b;query_hint;1.778;0.013;1280;720;0;day,glare;pending_stage4
raw_downloads/wikimedia_commons/Yandex_taxi_car_moscow_jpg.jpg;wikimedia_commons;https://commons.wikimedia.org/wiki/File:Yandex_taxi_car_moscow.jpg;CC BY 2.0;CC-BY-2.0;Yandex Taxi car;type1b;query_hint;1.501;0.062;1280;853;0;day;pending_stage4
raw_downloads/wikimedia_commons/Moscow___Moskvich-3__taxi__May_2025_01_jpg.jpg;wikimedia_commons;https://commons.wikimedia.org/wiki/File:Moscow,_%27Moskvich-3%27_taxi,_May_2025_01.jpg;CC0;CC0-1.0;Moscow taxi car;type1b;query_hint;1.501;0.124;1280;853;0;day;pending_stage4
raw_downloads/wikimedia_commons/Moscow__Belgee_Coolray_taxi__Sept_2025_01_jpg.jpg;wikimedia_commons;https://commons.wikimedia.org/wiki/File:Moscow,_Belgee_Coolray_taxi,_Sept_2025_01.jpg;CC0;CC0-1.0;Moscow taxi car;type1b;query_hint;1.499;0.168;1280;854;0;day;pending_stage4
raw_downloads/wikimedia_commons/Moscow__Bestune_B70_taxi__Aug_2025_01_jpg.jpg;wikimedia_commons;https://commons.wikimedia.org/wiki/File:Moscow,_Bestune_B70_taxi,_Aug_2025_01.jpg;CC0;CC0-1.0;Moscow taxi car;type1b;query_hint;1.501;0.157;1280;853;0;day;pending_stage4
raw_downloads/wikimedia_commons/Moscow__Chery_Tiggo7pro_taxi__Aug_2025_02_jpg.jpg;wikimedia_commons;https://commons.wikimedia.org/wiki/File:Moscow,_Chery_Tiggo7pro_taxi,_Aug_2025_02.jpg;CC0;CC0-1.0;Moscow taxi car;type1b;query_hint;1.501;0.027;1280;853;0;day;pending_stage4
raw_downloads/wikimedia_commons/Moscow__Exeed_LX_taxi__April_2025_01_jpg.jpg;wikimedia_commons;https://commons.wikimedia.org/wiki/File:Moscow,_Exeed_LX_taxi,_April_2025_01.jpg;CC0;CC0-1.0;Moscow taxi car;type1b;query_hint;1.501;0.134;1280;853;0;day;pending_stage4
raw_downloads/wikimedia_commons/Moscow__Exeed_LX_taxi__Aug_2025_01_jpg.jpg;wikimedia_commons;https://commons.wikimedia.org/wiki/File:Moscow,_Exeed_LX_taxi,_Aug_2025_01.jpg;CC0;CC0-1.0;Moscow taxi car;type1b;query_hint;1.778;0.201;1280;720;0;day;pending_stage4
raw_downloads/wikimedia_commons/Moscow__Exeed_VX_taxi__June_2026_01_jpg.jpg;wikimedia_commons;https://commons.wikimedia.org/wiki/File:Moscow,_Exeed_VX_taxi,_June_2026_01.jpg;CC0;CC0-1.0;Moscow taxi car;type1b;query_hint;1.501;0.311;1280;853;0;day;pending_stage4
raw_downloads/wikimedia_commons/Moscow__Hyndai_Solaris_taxi__2022-05-15_jpg.jpg;wikimedia_commons;https://commons.wikimedia.org/wiki/File:Moscow,_Hyndai_Solaris_taxi,_2022-05-15.jpg;CC0;CC0-1.0;Moscow taxi car;type1b;query_hint;1.501;0.031;1280;853;0;day,glare;pending_stage4
raw_downloads/wikimedia_commons/Moscow__Hyundai_Solaris_taxi__Sept_2025_04_jpg.jpg;wikimedia_commons;https://commons.wikimedia.org/wiki/File:Moscow,_Hyundai_Solaris_taxi,_Sept_2025_04.jpg;CC0;CC0-1.0;Moscow taxi car;type1b;query_hint;1.499;0.192;1280;854;0;day;pending_stage4
raw_downloads/wikimedia_commons/Moscow__Hyundai_Sonata__LF__taxi__Aug_2025_03_jpg.jpg;wikimedia_commons;https://commons.wikimedia.org/wiki/File:Moscow,_Hyundai_Sonata_(LF)_taxi,_Aug_2025_03.jpg;CC0;CC0-1.0;Moscow taxi car;type1b;query_hint;1.501;0.033;1280;853;0;day;pending_stage4
raw_downloads/wikimedia_commons/Moscow__Hyundai_taxi__2022-05-15_jpg.jpg;wikimedia_commons;https://commons.wikimedia.org/wiki/File:Moscow,_Hyundai_taxi,_2022-05-15.jpg;CC0;CC0-1.0;Moscow taxi car;type1b;query_hint;1.501;0.278;1280;853;0;day;pending_stage4
raw_downloads/wikimedia_commons/Moscow__Jetour_Dashing_taxi__Feb_2026_02_jpg.jpg;wikimedia_commons;https://commons.wikimedia.org/wiki/File:Moscow,_Jetour_Dashing_taxi,_Feb_2026_02.jpg;CC0;CC0-1.0;Moscow taxi car;type1b;query_hint;1.515;0.056;1280;845;0;day,glare;pending_stage4
raw_downloads/wikimedia_commons/Moscow__Kadashevskaya_Embankment__taxi__Aug_2025_01_jpg.jpg;wikimedia_commons;https://commons.wikimedia.org/wiki/File:Moscow,_Kadashevskaya_Embankment,_taxi,_Aug_2025_01.jpg;CC0;CC0-1.0;Moscow taxi car;type1b;query_hint;1.333;0.013;1280;960;0;day;pending_stage4
raw_downloads/wikimedia_commons/Moscow__Kadashevskaya_Embankment__taxi__Aug_2025_02_jpg.jpg;wikimedia_commons;https://commons.wikimedia.org/wiki/File:Moscow,_Kadashevskaya_Embankment,_taxi,_Aug_2025_02.jpg;CC0;CC0-1.0;Moscow taxi car;type1b;query_hint;1.501;0.131;1280;853;0;day;pending_stage4
raw_downloads/wikimedia_commons/Moscow__Kadashevskaya_Embankment__taxi__Aug_2025_03_jpg.jpg;wikimedia_commons;https://commons.wikimedia.org/wiki/File:Moscow,_Kadashevskaya_Embankment,_taxi,_Aug_2025_03.jpg;CC0;CC0-1.0;Moscow taxi car;type1b;query_hint;1.203;0.135;1280;1064;0;day;pending_stage4
raw_downloads/wikimedia_commons/Moscow__Kia_K5_taxi__2022-05-15_jpg.jpg;wikimedia_commons;https://commons.wikimedia.org/wiki/File:Moscow,_Kia_K5_taxi,_2022-05-15.jpg;CC0;CC0-1.0;Moscow taxi car;type1b;query_hint;1.501;0.115;1280;853;0;day;pending_stage4
raw_downloads/wikimedia_commons/Moscow__Kia_K5_taxi__Aug_2025_02_jpg.jpg;wikimedia_commons;https://commons.wikimedia.org/wiki/File:Moscow,_Kia_K5_taxi,_Aug_2025_02.jpg;CC0;CC0-1.0;Moscow taxi car;type1b;query_hint;1.501;0.090;1280;853;0;day;pending_stage4
raw_downloads/wikimedia_commons/Moscow__Kia_Rio_taxi__2022-05-08_jpg.jpg;wikimedia_commons;https://commons.wikimedia.org/wiki/File:Moscow,_Kia_Rio_taxi,_2022-05-08.jpg;CC0;CC0-1.0;Moscow taxi car;type1b;query_hint;1.000;0.009;1280;1280;0;day;pending_stage4
raw_downloads/wikimedia_commons/Moscow__Lada_Vesta_taxi__Durova_Street__Sept_2025_01_jpg.jpg;wikimedia_commons;https://commons.wikimedia.org/wiki/File:Moscow,_Lada_Vesta_taxi_(Durova_Street)_Sept_2025_01.jpg;CC0;CC0-1.0;Moscow taxi car;type1b;query_hint;1.571;0.221;1280;815;0;day,glare;pending_stage4
raw_downloads/wikimedia_commons/Moscow_car_show_2025-08-03_M-2141-taxi_01_jpg.jpg;wikimedia_commons;https://commons.wikimedia.org/wiki/File:Moscow_car_show_2025-08-03_M-2141-taxi_01.jpg;CC0;CC0-1.0;Moscow taxi car;type1b;query_hint;1.501;0.201;1280;853;0;day;pending_stage4
raw_downloads/wikimedia_commons/A_bus_in_Kronstadt_jpg.jpg;wikimedia_commons;https://commons.wikimedia.org/wiki/File:A_bus_in_Kronstadt.jpg;CC BY-SA 4.0;CC-BY-SA-4.0;russian bus registration plate;type1b;query_hint;0.750;0.338;960;1280;0;day;pending_stage4
raw_downloads/wikimedia_commons/A_bus_in_Vologda_jpg.jpg;wikimedia_commons;https://commons.wikimedia.org/wiki/File:A_bus_in_Vologda.jpg;CC BY-SA 4.0;CC-BY-SA-4.0;russian bus registration plate;type1b;query_hint;1.333;0.007;1280;960;0;day;pending_stage4
raw_downloads/wikimedia_commons/Belgorod_bus_01_JPG.jpg;wikimedia_commons;https://commons.wikimedia.org/wiki/File:Belgorod_bus_01.JPG;CC BY-SA 3.0;CC-BY-SA-3.0;russian bus registration plate;type1b;query_hint;1.501;0.160;1280;853;0;day,glare;pending_stage4
raw_downloads/wikimedia_commons/Belgorod_bus_03_JPG.jpg;wikimedia_commons;https://commons.wikimedia.org/wiki/File:Belgorod_bus_03.JPG;CC BY-SA 3.0;CC-BY-SA-3.0;russian bus registration plate;type1b;query_hint;1.501;0.281;1280;853;0;day;pending_stage4
raw_downloads/wikimedia_commons/Belgorod_bus_04_JPG.jpg;wikimedia_commons;https://commons.wikimedia.org/wiki/File:Belgorod_bus_04.JPG;CC BY-SA 3.0;CC-BY-SA-3.0;russian bus registration plate;type1b;query_hint;1.501;0.248;1280;853;0;day;pending_stage4
raw_downloads/wikimedia_commons/Belgorod_bus_05_JPG.jpg;wikimedia_commons;https://commons.wikimedia.org/wiki/File:Belgorod_bus_05.JPG;CC BY-SA 3.0;CC-BY-SA-3.0;russian bus registration plate;type1b;query_hint;1.501;0.052;1280;853;0;day,glare;pending_stage4
raw_downloads/wikimedia_commons/Belgorod_bus_11_JPG.jpg;wikimedia_commons;https://commons.wikimedia.org/wiki/File:Belgorod_bus_11.JPG;CC BY-SA 3.0;CC-BY-SA-3.0;russian bus registration plate;type1b;query_hint;1.501;0.178;1280;853;0;day,glare;pending_stage4
raw_downloads/wikimedia_commons/Belgorod_bus_12_JPG.jpg;wikimedia_commons;https://commons.wikimedia.org/wiki/File:Belgorod_bus_12.JPG;CC BY-SA 3.0;CC-BY-SA-3.0;russian bus registration plate;type1b;query_hint;1.501;0.128;1280;853;0;day,glare;pending_stage4
raw_downloads/wikimedia_commons/Belgorod_bus_16_JPG.jpg;wikimedia_commons;https://commons.wikimedia.org/wiki/File:Belgorod_bus_16.JPG;CC BY-SA 3.0;CC-BY-SA-3.0;russian bus registration plate;type1b;query_hint;1.501;0.024;1280;853;0;day,glare;pending_stage4
raw_downloads/wikimedia_commons/Belgorod_bus_17_jpg.jpg;wikimedia_commons;https://commons.wikimedia.org/wiki/File:Belgorod_bus_17.jpg;CC BY-SA 3.0;CC-BY-SA-3.0;russian bus registration plate;type1b;query_hint;1.788;0.097;1280;716;0;day;pending_stage4
raw_downloads/wikimedia_commons/MAN_bus_in_Yekaterinburg_jpg.jpg;wikimedia_commons;https://commons.wikimedia.org/wiki/File:MAN_bus_in_Yekaterinburg.jpg;CC BY-SA 4.0;CC-BY-SA-4.0;russian bus registration plate;type1b;query_hint;1.333;0.035;1280;960;0;day;pending_stage4
raw_downloads/wikimedia_commons/Mercedes-Benz_bus_in_Kaliningrad_jpg.jpg;wikimedia_commons;https://commons.wikimedia.org/wiki/File:Mercedes-Benz_bus_in_Kaliningrad.jpg;CC BY-SA 4.0;CC-BY-SA-4.0;russian bus registration plate;type1b;query_hint;0.750;0.011;1280;1707;0;day,glare;pending_stage4
raw_downloads/wikimedia_commons/Moscow_Bus_Yutong_zakaznoj_jpg.jpg;wikimedia_commons;https://commons.wikimedia.org/wiki/File:Moscow_Bus_Yutong_zakaznoj.jpg;CC BY-SA 3.0;CC-BY-SA-3.0;russian bus registration plate;type1b;query_hint;1.499;0.082;1024;683;0;day;pending_stage4
raw_downloads/wikimedia_commons/Small_bus_in_Tambov_JPG.jpg;wikimedia_commons;https://commons.wikimedia.org/wiki/File:Small_bus_in_Tambov.JPG;CC BY 3.0;CC-BY-3.0;russian bus registration plate;type1b;query_hint;1.499;0.226;1280;854;0;day;pending_stage4
raw_downloads/wikimedia_commons/Tver_Bus_20050501_306_АЕ_295_69_jpg.jpg;wikimedia_commons;https://commons.wikimedia.org/wiki/File:Tver_Bus_20050501_306_%D0%90%D0%95_295_69.jpg;CC BY 4.0;CC-BY-4.0;russian bus registration plate;type1b;query_hint;1.333;0.002;1280;960;0;day,glare;pending_stage4
raw_downloads/wikimedia_commons/Ufa_bus_е730мв702_jpg.jpg;wikimedia_commons;https://commons.wikimedia.org/wiki/File:Ufa_bus_%D0%B5730%D0%BC%D0%B2702.jpg;CC BY-SA 4.0;CC-BY-SA-4.0;russian bus registration plate;type1b;query_hint;1.494;0.007;1280;857;0;day,glare;pending_stage4
raw_downloads/wikimedia_commons/ZiS-127_Bus_3001_Tallinn_2_October_2015_JPG.jpg;wikimedia_commons;https://commons.wikimedia.org/wiki/File:ZiS-127_Bus_3001_Tallinn_2_October_2015.JPG;CC BY-SA 4.0;CC-BY-SA-4.0;russian bus registration plate;type1b;query_hint;1.333;0.001;1280;960;0;day,glare;pending_stage4
raw_downloads/wikimedia_commons/Nischni_Nowgorod_PD_2010_027_JPG.jpg;wikimedia_commons;https://commons.wikimedia.org/wiki/File:Nischni_Nowgorod_PD_2010_027.JPG;CC BY-SA 3.0;CC-BY-SA-3.0;маршрутное такси Россия;type1b;query_hint;1.333;0.111;1280;960;0;day;pending_stage4
raw_downloads/wikimedia_commons/Auto_Moskvitch_3_Basmanny_District_Lermontovskaya_Square_А5166_99_2024-11_173167.jpg;wikimedia_commons;https://commons.wikimedia.org/wiki/File:Auto_Moskvitch_3_Basmanny_District_Lermontovskaya_Square_%D0%905166_99_2024-11_1731670701.jpg;CC BY 4.0;CC-BY-4.0;square license plate Russia;type1a;query_hint;1.333;0.002;1280;960;0;day;pending_stage4
raw_downloads/wikimedia_commons/Blue_Marble_2002_png.png;wikimedia_commons;https://commons.wikimedia.org/wiki/File:Blue_Marble_2002.png;Public domain;CC0-1.0;square license plate Russia;type1a;query_hint;2.000;0.122;1280;640;0;night;pending_stage4
raw_downloads/wikimedia_commons/Gusev_bus_С027ВТ39_2025-05_Central_square_Higer_A30_4950_JPG.jpg;wikimedia_commons;https://commons.wikimedia.org/wiki/File:Gusev_bus_%D0%A1027%D0%92%D0%A239_2025-05_Central_square_Higer_A30_4950.JPG;CC BY 4.0;CC-BY-4.0;square license plate Russia;type1a;query_hint;1.494;0.007;1280;857;0;day;pending_stage4
raw_downloads/wikimedia_commons/HOT_JET_WITH_SQUARE_PLATE_AROUND_NOZZLE_EXIT_-_NARA_-_17451184_jpg.jpg;wikimedia_commons;https://commons.wikimedia.org/wiki/File:HOT_JET_WITH_SQUARE_PLATE_AROUND_NOZZLE_EXIT_-_NARA_-_17451184.jpg;Public domain;CC0-1.0;square license plate Russia;type1a;query_hint;1.275;0.000;1280;1004;0;day;pending_stage4
raw_downloads/wikimedia_commons/HOT_JET_WITH_SQUARE_PLATE_AROUND_NOZZLE_EXIT_-_NARA_-_17451185_jpg.jpg;wikimedia_commons;https://commons.wikimedia.org/wiki/File:HOT_JET_WITH_SQUARE_PLATE_AROUND_NOZZLE_EXIT_-_NARA_-_17451185.jpg;Public domain;CC0-1.0;square license plate Russia;type1a;query_hint;1.277;0.000;1280;1002;0;day;pending_stage4
raw_downloads/wikimedia_commons/Kalinina_square_bus_Р171ВУ39_2021-08_Kalinina_square_Mercedes-Benz_Conecto_476_j.jpg;wikimedia_commons;https://commons.wikimedia.org/wiki/File:Kalinina_square_bus_%D0%A0171%D0%92%D0%A339_2021-08_Kalinina_square_Mercedes-Benz_Conecto_476.jpg;CC BY 4.0;CC-BY-4.0;square license plate Russia;type1a;query_hint;1.501;0.069;1280;853;0;day,glare;pending_stage4
raw_downloads/wikimedia_commons/Kalinina_square_bus_Р171ВУ39_2021-08_Kalinina_square_Mercedes-Benz_Conecto_477_j.jpg;wikimedia_commons;https://commons.wikimedia.org/wiki/File:Kalinina_square_bus_%D0%A0171%D0%92%D0%A339_2021-08_Kalinina_square_Mercedes-Benz_Conecto_477.jpg;CC BY 4.0;CC-BY-4.0;square license plate Russia;type1a;query_hint;1.501;0.050;1280;853;0;day,glare;pending_stage4
raw_downloads/wikimedia_commons/Manezhnaya_Square_soldiers_next_to_red_square_july_2016_jpg.jpg;wikimedia_commons;https://commons.wikimedia.org/wiki/File:Manezhnaya_Square_soldiers_next_to_red_square_july_2016.jpg;CC0;CC0-1.0;square license plate Russia;type1a;query_hint;1.501;0.001;1280;853;0;day,glare;pending_stage4
raw_downloads/wikimedia_commons/Memory_Square___11103928015__jpg.jpg;wikimedia_commons;https://commons.wikimedia.org/wiki/File:Memory_Square._(11103928015).jpg;CC BY 2.0;CC-BY-2.0;square license plate Russia;type1a;query_hint;1.509;0.006;1280;848;0;day,glare;pending_stage4
raw_downloads/wikimedia_commons/Moskvich_Ivan_Kalita_Front_jpg.jpg;wikimedia_commons;https://commons.wikimedia.org/wiki/File:Moskvich_Ivan_Kalita_Front.jpg;CC BY-SA 3.0;CC-BY-SA-3.0;square license plate Russia;type1a;query_hint;1.771;0.064;930;525;0;day;pending_stage4
raw_downloads/wikimedia_commons/Odintsovo_bus_С629МТ90_2008-04_1208885823_Privokzalnaya_square_LAZ_Liner_9_JPG.jpg;wikimedia_commons;https://commons.wikimedia.org/wiki/File:Odintsovo_bus_%D0%A1629%D0%9C%D0%A290_2008-04_1208885823_Privokzalnaya_square_LAZ_Liner_9.JPG;CC BY 4.0;CC-BY-4.0;square license plate Russia;type1a;query_hint;1.494;0.039;1280;857;0;day;pending_stage4
raw_downloads/wikimedia_commons/Russia_police_car_04_JPG.jpg;wikimedia_commons;https://commons.wikimedia.org/wiki/File:Russia_police_car_04.JPG;CC BY-SA 3.0;CC-BY-SA-3.0;square license plate Russia;type1a;query_hint;1.488;0.010;1280;860;0;day;pending_stage4
raw_downloads/wikimedia_commons/Russia_state_vehicle_license_plate_1977_jpg.jpg;wikimedia_commons;https://commons.wikimedia.org/wiki/File:Russia_state_vehicle_license_plate_1977.jpg;CC0;CC0-1.0;square license plate Russia;type1a;query_hint;1.196;0.045;978;818;0;day;pending_stage4
raw_downloads/wikimedia_commons/Russian_Imperial_Army_executing_Polish_January_insurgent_on_Bank_Square_in_Warsa.png;wikimedia_commons;https://commons.wikimedia.org/wiki/File:Russian_Imperial_Army_executing_Polish_January_insurgent_on_Bank_Square_in_Warsaw_1863.PNG;Public domain;CC0-1.0;square license plate Russia;type1a;query_hint;1.402;0.000;1280;913;0;day,glare;pending_stage4
raw_downloads/wikimedia_commons/Severnoye_Izmaylovo_District__Moscow__Russia_-_panoramio__8__jpg.jpg;wikimedia_commons;https://commons.wikimedia.org/wiki/File:Severnoye_Izmaylovo_District,_Moscow,_Russia_-_panoramio_(8).jpg;CC BY 3.0;CC-BY-3.0;square license plate Russia;type1a;query_hint;1.427;0.013;1280;897;0;day;pending_stage4
raw_downloads/wikimedia_commons/Tombejo_en_Zavodouspenskoje_29_jpg.jpg;wikimedia_commons;https://commons.wikimedia.org/wiki/File:Tombejo_en_Zavodouspenskoje_29.jpg;CC BY-SA 4.0;CC-BY-SA-4.0;square license plate Russia;type1a;query_hint;1.778;0.282;1280;720;0;day;pending_stage4
raw_downloads/wikimedia_commons/Vladimir_bus_Т432УЕ33_2026-03_1774780509_Sobornaya_Square_MAZ-203_JPG.jpg;wikimedia_commons;https://commons.wikimedia.org/wiki/File:Vladimir_bus_%D0%A2432%D0%A3%D0%9533_2026-03_1774780509_Sobornaya_Square_MAZ-203.JPG;CC BY 4.0;CC-BY-4.0;square license plate Russia;type1a;query_hint;1.333;0.014;1280;960;0;day;pending_stage4
raw_downloads/wikimedia_commons/Алматы__Toyota_Land_Cruiser_Prado_на_площади_Абая_jpg.jpg;wikimedia_commons;https://commons.wikimedia.org/wiki/File:%D0%90%D0%BB%D0%BC%D0%B0%D1%82%D1%8B,_Toyota_Land_Cruiser_Prado_%D0%BD%D0%B0_%D0%BF%D0%BB%D0%BE%D1%89%D0%B0%D0%B4%D0%B8_%D0%90%D0%B1%D0%B0%D1%8F.jpg;CC BY-SA 4.0;CC-BY-SA-4.0;square license plate Russia;type1a;query_hint;1.501;0.012;1280;853;0;day,glare;pending_stage4
raw_downloads/wikimedia_commons/Дзень_горада__плошча_Паўстання_____Day_of_the_city__the_square_of_Vosstaniya_-_p.jpg;wikimedia_commons;https://commons.wikimedia.org/wiki/File:%D0%94%D0%B7%D0%B5%D0%BD%D1%8C_%D0%B3%D0%BE%D1%80%D0%B0%D0%B4%D0%B0,_%D0%BF%D0%BB%D0%BE%D1%88%D1%87%D0%B0_%D0%9F%D0%B0%D1%9E%D1%81%D1%82%D0%B0%D0%BD%D0%BD%D1%8F_..._Day_of_the_city,_the_square_of_Vosstaniya_-_panoramio.jpg;CC BY-SA 3.0;CC-BY-SA-3.0;square license plate Russia;type1a;query_hint;1.333;0.019;1280;960;0;day,glare;pending_stage4
raw_downloads/wikimedia_commons/Land_Cruiser_J70_jpg.jpg;wikimedia_commons;https://commons.wikimedia.org/wiki/File:Land_Cruiser_J70.jpg;CC BY-SA 4.0;CC-BY-SA-4.0;square license plate Russia;type1a;query_hint;1.343;0.009;1280;953;0;day,glare;pending_stage4
raw_downloads/wikimedia_commons/Moskvich_Ivan_Kalita_Rear_jpg.jpg;wikimedia_commons;https://commons.wikimedia.org/wiki/File:Moskvich_Ivan_Kalita_Rear.jpg;CC BY-SA 3.0;CC-BY-SA-3.0;square license plate Russia;type1a;query_hint;1.557;0.008;819;526;0;day;pending_stage4
raw_downloads/wikimedia_commons/Ukrainas_plass_20220323_135613_jpg.jpg;wikimedia_commons;https://commons.wikimedia.org/wiki/File:Ukrainas_plass_20220323_135613.jpg;CC BY-SA 4.0;CC-BY-SA-4.0;square license plate Russia;type1a;query_hint;1.333;0.023;1280;960;0;day;pending_stage4
raw_downloads/wikimedia_commons/Vidnoye_bus_А977ВУ790_2024-11_1732372956_Square_Zhongtong_Bus_jpg.jpg;wikimedia_commons;https://commons.wikimedia.org/wiki/File:Vidnoye_bus_%D0%90977%D0%92%D0%A3790_2024-11_1732372956_Square_Zhongtong_Bus.jpg;CC BY 4.0;CC-BY-4.0;square license plate Russia;type1a;query_hint;1.502;0.002;1280;852;0;day,glare;pending_stage4
raw_downloads/wikimedia_commons/Bulgarian_9K714_Oka__NMMH_jpg.jpg;wikimedia_commons;https://commons.wikimedia.org/wiki/File:Bulgarian_9K714_Oka,_NMMH.jpg;CC BY 4.0;CC-BY-4.0;kei car Russia;type1a;query_hint;1.333;0.112;1280;960;0;day,glare;pending_stage4
raw_downloads/wikimedia_commons/Moscow__Mitsubishi_MIEV_-_Russian_Post__Mar_2026_01-1_jpg.jpg;wikimedia_commons;https://commons.wikimedia.org/wiki/File:Moscow,_Mitsubishi_MIEV_-_Russian_Post,_Mar_2026_01-1.jpg;CC0;CC0-1.0;kei car Russia;type1a;query_hint;1.511;0.002;1280;847;0;day,glare;pending_stage4
raw_downloads/wikimedia_commons/Moscow__Subaru_Stella__3rd_gen__Sept_2025_01_jpg.jpg;wikimedia_commons;https://commons.wikimedia.org/wiki/File:Moscow,_Subaru_Stella_(3rd_gen)_Sept_2025_01.jpg;CC0;CC0-1.0;kei car Russia;type1a;query_hint;1.540;0.014;1280;831;0;day,glare;pending_stage4
raw_downloads/wikimedia_commons/Moscow__Subaru_Stella__3rd_gen__Sept_2025_02_jpg.jpg;wikimedia_commons;https://commons.wikimedia.org/wiki/File:Moscow,_Subaru_Stella_(3rd_gen)_Sept_2025_02.jpg;CC0;CC0-1.0;kei car Russia;type1a;query_hint;1.476;0.006;1280;867;0;day;pending_stage4
raw_downloads/wikimedia_commons/Moscow_car_show_2026-08-01_Subaru_kei_van_01_jpg.jpg;wikimedia_commons;https://commons.wikimedia.org/wiki/File:Moscow_car_show_2026-08-01_Subaru_kei_van_01.jpg;CC0;CC0-1.0;kei car Russia;type1a;query_hint;1.522;0.041;1280;841;0;day,glare;pending_stage4
raw_downloads/wikimedia_commons/Moscow_car_show_2026-08-01_Subaru_kei_van_02_jpg.jpg;wikimedia_commons;https://commons.wikimedia.org/wiki/File:Moscow_car_show_2026-08-01_Subaru_kei_van_02.jpg;CC0;CC0-1.0;kei car Russia;type1a;query_hint;1.456;0.025;1280;879;0;day,glare;pending_stage4
raw_downloads/wikimedia_commons/Moscow_car_show_2026-08-01_Subaru_kei_van_03_jpg.jpg;wikimedia_commons;https://commons.wikimedia.org/wiki/File:Moscow_car_show_2026-08-01_Subaru_kei_van_03.jpg;CC0;CC0-1.0;kei car Russia;type1a;query_hint;0.696;0.057;1280;1839;0;day,glare;pending_stage4
raw_downloads/wikimedia_commons/Moscow_car_show_2026-08-01_Subaru_kei_van_04_jpg.jpg;wikimedia_commons;https://commons.wikimedia.org/wiki/File:Moscow_car_show_2026-08-01_Subaru_kei_van_04.jpg;CC0;CC0-1.0;kei car Russia;type1a;query_hint;0.676;0.062;1280;1894;0;day,glare;pending_stage4
raw_downloads/wikimedia_commons/Moscow_car_show_2026-08-01_Subaru_kei_van_05_jpg.jpg;wikimedia_commons;https://commons.wikimedia.org/wiki/File:Moscow_car_show_2026-08-01_Subaru_kei_van_05.jpg;CC0;CC0-1.0;kei car Russia;type1a;query_hint;1.517;0.039;1280;844;0;day,glare;pending_stage4
raw_downloads/wikimedia_commons/Oka-2_jpg.jpg;wikimedia_commons;https://commons.wikimedia.org/wiki/File:Oka-2.jpg;CC BY-SA 4.0;CC-BY-SA-4.0;kei car Russia;type1a;query_hint;1.598;0.164;1024;641;0;day;pending_stage4
raw_downloads/wikimedia_commons/Oka_River__Kasimov_P5220883_2350_jpg.jpg;wikimedia_commons;https://commons.wikimedia.org/wiki/File:Oka_River._Kasimov_P5220883_2350.jpg;CC BY-SA 4.0;CC-BY-SA-4.0;kei car Russia;type1a;query_hint;1.501;0.408;1280;853;0;day;pending_stage4
raw_downloads/wikimedia_commons/Oka_River__Kasimov_P5220897_2350_jpg.jpg;wikimedia_commons;https://commons.wikimedia.org/wiki/File:Oka_River._Kasimov_P5220897_2350.jpg;CC BY-SA 4.0;CC-BY-SA-4.0;kei car Russia;type1a;query_hint;1.501;0.202;1280;853;0;day;pending_stage4
raw_downloads/wikimedia_commons/Oka_River__Murom__Holy_Trinity_Church_P5231065_2350_jpg.jpg;wikimedia_commons;https://commons.wikimedia.org/wiki/File:Oka_River._Murom._Holy_Trinity_Church_P5231065_2350.jpg;CC BY-SA 4.0;CC-BY-SA-4.0;kei car Russia;type1a;query_hint;1.501;0.291;1280;853;0;day;pending_stage4
raw_downloads/wikimedia_commons/Oka_River_near_Fatyanovka_jpg.jpg;wikimedia_commons;https://commons.wikimedia.org/wiki/File:Oka_River_near_Fatyanovka.jpg;CC0;CC0-1.0;kei car Russia;type1a;query_hint;4.051;0.004;1280;316;0;day;pending_stage4
raw_downloads/wikimedia_commons/RybnoeDistrict_06-13_Konstantinovo_Oka_River_01_jpg.jpg;wikimedia_commons;https://commons.wikimedia.org/wiki/File:RybnoeDistrict_06-13_Konstantinovo_Oka_River_01.jpg;CC BY-SA 3.0;CC-BY-SA-3.0;kei car Russia;type1a;query_hint;1.604;0.411;1280;798;0;day;pending_stage4
raw_downloads/wikimedia_commons/RybnoeDistrict_06-13_Konstantinovo_Oka_River_02_jpg.jpg;wikimedia_commons;https://commons.wikimedia.org/wiki/File:RybnoeDistrict_06-13_Konstantinovo_Oka_River_02.jpg;CC BY-SA 3.0;CC-BY-SA-3.0;kei car Russia;type1a;query_hint;1.582;0.536;1280;809;0;day;pending_stage4
raw_downloads/wikimedia_commons/RybnoeDistrict_06-13_Konstantinovo_Oka_River_03_jpg.jpg;wikimedia_commons;https://commons.wikimedia.org/wiki/File:RybnoeDistrict_06-13_Konstantinovo_Oka_River_03.jpg;CC BY-SA 3.0;CC-BY-SA-3.0;kei car Russia;type1a;query_hint;1.522;0.537;1280;841;0;day;pending_stage4
raw_downloads/wikimedia_commons/RybnoeDistrict_06-13_Konstantinovo_Oka_River_04_jpg.jpg;wikimedia_commons;https://commons.wikimedia.org/wiki/File:RybnoeDistrict_06-13_Konstantinovo_Oka_River_04.jpg;CC BY-SA 3.0;CC-BY-SA-3.0;kei car Russia;type1a;query_hint;1.548;0.521;1280;827;0;day;pending_stage4
raw_downloads/wikimedia_commons/VAZ_1121_jpg.jpg;wikimedia_commons;https://commons.wikimedia.org/wiki/File:VAZ_1121.jpg;CC BY-SA 3.0;CC-BY-SA-3.0;kei car Russia;type1a;query_hint;1.500;0.289;900;600;0;day;pending_stage4
raw_downloads/wikimedia_commons/Kaluga_Oka_Bridge_jpg.jpg;wikimedia_commons;https://commons.wikimedia.org/wiki/File:Kaluga_Oka_Bridge.jpg;CC BY-SA 4.0;CC-BY-SA-4.0;kei car Russia;type1a;query_hint;1.384;0.258;1280;925;0;day;pending_stage4
raw_downloads/wikimedia_commons/Staring_Down_Hurricane_Florence_jpg.jpg;wikimedia_commons;https://commons.wikimedia.org/wiki/File:Staring_Down_Hurricane_Florence.jpg;Public domain;CC0-1.0;kei car Russia;type1a;query_hint;1.495;0.000;1280;856;0;day;pending_stage4
raw_downloads/wikimedia_commons/Te_Oka_Bay_jpg.jpg;wikimedia_commons;https://commons.wikimedia.org/wiki/File:Te_Oka_Bay.jpg;CC BY-SA 4.0;CC-BY-SA-4.0;kei car Russia;type1a;query_hint;1.333;0.271;1280;960;0;day;pending_stage4
raw_downloads/wikimedia_commons/Tripedalia-cystophora_png.png;wikimedia_commons;https://commons.wikimedia.org/wiki/File:Tripedalia-cystophora.png;CC BY-SA 4.0;CC-BY-SA-4.0;kei car Russia;type1a;query_hint;1.329;0.010;1280;963;0;night;pending_stage4
raw_downloads/wikimedia_commons/Aŭto_kun_humura_ruslingva_surskribo_sur_posta_glaco__Sankta_templo_ĉiesulinojn_n.jpg;wikimedia_commons;https://commons.wikimedia.org/wiki/File:A%C5%ADto_kun_humura_ruslingva_surskribo_sur_posta_glaco_%22Sankta_templo_%C4%89iesulinojn_ne_transportas%22_(Tjumeno).jpg;CC BY-SA 4.0;CC-BY-SA-4.0;japanese car in Russia rear;type1a;query_hint;1.778;0.000;1280;720;0;day;pending_stage4
raw_downloads/wikimedia_commons/Aŭto_kun_humura_ruslingva_surskribo_sur_posta_glaco__Sankta_templo_ĉiesulinojn_n_1.jpg;wikimedia_commons;https://commons.wikimedia.org/wiki/File:A%C5%ADto_kun_humura_ruslingva_surskribo_sur_posta_glaco_%22Sankta_templo_%C4%89iesulinojn_ne_transportas%22_(Tjumeno)_01.jpg;CC BY-SA 4.0;CC-BY-SA-4.0;japanese car in Russia rear;type1a;query_hint;1.778;0.001;1280;720;0;day;pending_stage4
raw_downloads/wikimedia_commons/Devil_s_car_jpg.jpg;wikimedia_commons;https://commons.wikimedia.org/wiki/File:Devil%27s_car.jpg;CC BY-SA 2.0;CC-BY-SA-2.0;japanese car in Russia rear;type1a;query_hint;1.506;0.000;1280;850;0;day;pending_stage4
raw_downloads/wikimedia_commons/ERA_Mini_Turbo_rear_JPG.jpg;wikimedia_commons;https://commons.wikimedia.org/wiki/File:ERA_Mini_Turbo_rear.JPG;CC BY-SA 4.0;CC-BY-SA-4.0;japanese car in Russia rear;type1a;query_hint;1.333;0.175;1280;960;0;day;pending_stage4
raw_downloads/wikimedia_commons/Moscow__Lincoln_Corsair__July_2025_01_jpg.jpg;wikimedia_commons;https://commons.wikimedia.org/wiki/File:Moscow,_Lincoln_Corsair,_July_2025_01.jpg;CC0;CC0-1.0;japanese car in Russia rear;type1a;query_hint;1.501;0.002;1280;853;0;day;pending_stage4
raw_downloads/wikimedia_commons/1980_Toyota_Corona__6007632485__jpg.jpg;wikimedia_commons;https://commons.wikimedia.org/wiki/File:1980_Toyota_Corona_(6007632485).jpg;CC BY 2.0;CC-BY-2.0;square number plate car rear;type1a;query_hint;1.333;0.013;1280;960;0;day,glare;pending_stage4
raw_downloads/wikimedia_commons/Looking_towards_the_Merchants__Hotel_from_the_rear__showing_B____O__box_car_load.jpg;wikimedia_commons;https://commons.wikimedia.org/wiki/File:Looking_towards_the_Merchants%E2%80%99_Hotel_from_the_rear,_showing_B._%26_O._box_car_loaded_with_pig_iron,_lodged_in_the_debris_after_being_washed_two_squares_from_the_track,_from_Robert_N._Dennis_collection_of_stereoscopic_views.jpg;Public domain;CC0-1.0;square number plate car rear;type1a;query_hint;1.905;0.824;1280;672;0;day;pending_stage4
raw_downloads/wikimedia_commons/Münster__Beresa__Mercedes-Benz_C-Klasse_Cabrio_--_2018_--_1773_jpg.jpg;wikimedia_commons;https://commons.wikimedia.org/wiki/File:M%C3%BCnster,_Beresa,_Mercedes-Benz_C-Klasse_Cabrio_--_2018_--_1773.jpg;CC BY-SA 4.0;CC-BY-SA-4.0;square number plate car rear;type1a;query_hint;1.501;0.004;1280;853;0;day;pending_stage4
raw_downloads/wikimedia_commons/Prag__Wenzelsplatz__Ford_Mustang_--_2019_--_101913_jpg.jpg;wikimedia_commons;https://commons.wikimedia.org/wiki/File:Prag,_Wenzelsplatz,_Ford_Mustang_--_2019_--_101913.jpg;CC BY-SA 4.0;CC-BY-SA-4.0;square number plate car rear;type1a;query_hint;1.333;0.086;1280;960;0;day;pending_stage4
raw_downloads/wikimedia_commons/Russian_antique_automobile_license_plate_png.png;wikimedia_commons;https://commons.wikimedia.org/wiki/File:Russian_antique_automobile_license_plate.png;CC0;CC0-1.0;russian license plate;type1;query_hint;4.942;0.000;1280;259;0;day,glare;pending_stage4
raw_downloads/wikimedia_commons/Russian_diplomatic_license_plate_002_CD_1_png.png;wikimedia_commons;https://commons.wikimedia.org/wiki/File:Russian_diplomatic_license_plate_002_CD_1.png;Public domain;CC0-1.0;russian license plate;type1;query_hint;4.758;0.000;1280;269;0;day,glare;pending_stage4
raw_downloads/wikimedia_commons/Russian_diplomatic_license_plate_002_D_040_png.png;wikimedia_commons;https://commons.wikimedia.org/wiki/File:Russian_diplomatic_license_plate_002_D_040.png;Public domain;CC0-1.0;russian license plate;type1;query_hint;4.758;0.000;1280;269;0;day,glare;pending_stage4
raw_downloads/wikimedia_commons/Russian_diplomatic_license_plate_002_T_003_png.png;wikimedia_commons;https://commons.wikimedia.org/wiki/File:Russian_diplomatic_license_plate_002_T_003.png;Public domain;CC0-1.0;russian license plate;type1;query_hint;4.758;0.000;1280;269;0;day,glare;pending_stage4
raw_downloads/wikimedia_commons/Russian_license_plate__for_trailers__png.png;wikimedia_commons;https://commons.wikimedia.org/wiki/File:Russian_license_plate_(for_trailers).png;Public domain;CC0-1.0;russian license plate;type1;query_hint;4.942;0.000;1280;259;0;day,glare;pending_stage4
raw_downloads/wikimedia_commons/Russian_license_plate__known_as_federal_plate__png.png;wikimedia_commons;https://commons.wikimedia.org/wiki/File:Russian_license_plate_(known_as_federal_plate).png;Public domain;CC0-1.0;russian license plate;type1;query_hint;4.942;0.000;1280;259;0;day,glare;pending_stage4
raw_downloads/wikimedia_commons/Russian_license_plate_type_16_PNG.png;wikimedia_commons;https://commons.wikimedia.org/wiki/File:Russian_license_plate_type_16.PNG;Public domain;CC0-1.0;russian license plate;type1;query_hint;1.174;0.000;892;760;0;day,glare;pending_stage4
raw_downloads/wikimedia_commons/4373_Russian_license_plate_Toyota_car_jpg.jpg;wikimedia_commons;https://commons.wikimedia.org/wiki/File:4373_Russian_license_plate_Toyota_car.jpg;CC0;CC0-1.0;russian license plate;type1;query_hint;2.192;0.000;1280;584;0;day,glare;pending_stage4
raw_downloads/wikimedia_commons/Romania_diplomatic_license_plate_CD_156_101__Russia__jpg.jpg;wikimedia_commons;https://commons.wikimedia.org/wiki/File:Romania_diplomatic_license_plate_CD_156_101_(Russia).jpg;CC BY-SA 4.0;CC-BY-SA-4.0;russian license plate;type1;query_hint;4.741;0.007;1280;270;0;day;pending_stage4
raw_downloads/wikimedia_commons/Russian_diplomatic_license_plate_014_D_161_jpg.jpg;wikimedia_commons;https://commons.wikimedia.org/wiki/File:Russian_diplomatic_license_plate_014_D_161.jpg;CC BY-SA 3.0;CC-BY-SA-3.0;russian license plate;type1;query_hint;4.942;0.005;1280;259;0;day,glare;pending_stage4
raw_downloads/wikimedia_commons/Russian_license_palte_png.png;wikimedia_commons;https://commons.wikimedia.org/wiki/File:Russian_license_palte.png;CC BY-SA 3.0;CC-BY-SA-3.0;russian license plate;type1;query_hint;4.942;0.000;1280;259;0;day,glare;pending_stage4
raw_downloads/wikimedia_commons/Russian_license_plate__DE__png.png;wikimedia_commons;https://commons.wikimedia.org/wiki/File:Russian_license_plate_(DE).png;Public domain;CC0-1.0;russian license plate;type1;query_hint;1.817;0.000;912;502;0;day,glare;pending_stage4
raw_downloads/wikimedia_commons/Russian_license_plate__EN__png.png;wikimedia_commons;https://commons.wikimedia.org/wiki/File:Russian_license_plate_(EN).png;Public domain;CC0-1.0;russian license plate;type1;query_hint;1.908;0.000;889;466;0;night;pending_stage4
raw_downloads/wikimedia_commons/Russian_license_plate__for_exported_vehicles__png.png;wikimedia_commons;https://commons.wikimedia.org/wiki/File:Russian_license_plate_(for_exported_vehicles).png;Public domain;CC0-1.0;russian license plate;type1;query_hint;4.942;0.000;1280;259;0;day,glare;pending_stage4
raw_downloads/wikimedia_commons/Russian_license_plate__for_military_vehicles__png.png;wikimedia_commons;https://commons.wikimedia.org/wiki/File:Russian_license_plate_(for_military_vehicles).png;Public domain;CC0-1.0;russian license plate;type1;query_hint;4.758;0.000;1280;269;0;day,glare;pending_stage4
raw_downloads/wikimedia_commons/Russian_license_plate_01_jpg.jpg;wikimedia_commons;https://commons.wikimedia.org/wiki/File:Russian_license_plate_01.jpg;CC BY-SA 4.0;CC-BY-SA-4.0;russian license plate;type1;query_hint;4.621;0.000;1280;277;0;day,glare;pending_stage4
raw_downloads/wikimedia_commons/Russian_peasant_girls_in_front_of_a_traditional_wooden_house_in_Kirillov_jpg.jpg;wikimedia_commons;https://commons.wikimedia.org/wiki/File:Russian_peasant_girls_in_front_of_a_traditional_wooden_house_in_Kirillov.jpg;Public domain;CC0-1.0;russian license plate;type1;query_hint;1.155;0.304;1280;1108;0;day;pending_stage4
raw_downloads/wikimedia_commons/Russian_police_license_plate_png.png;wikimedia_commons;https://commons.wikimedia.org/wiki/File:Russian_police_license_plate.png;Public domain;CC0-1.0;russian license plate;type1;query_hint;4.794;0.000;1280;267;0;day,glare;pending_stage4
raw_downloads/wikimedia_commons/Agricultural_license_plate_Russia_03_jpg.jpg;wikimedia_commons;https://commons.wikimedia.org/wiki/File:Agricultural_license_plate_Russia_03.jpg;CC BY-SA 4.0;CC-BY-SA-4.0;russian license plate;type1;query_hint;1.372;0.002;1280;933;0;day;pending_stage4
raw_downloads/wikimedia_commons/License_plate_VRN_JPG.jpg;wikimedia_commons;https://commons.wikimedia.org/wiki/File:License_plate_VRN.JPG;CC BY-SA 3.0;CC-BY-SA-3.0;russian license plate;type1;query_hint;3.844;0.000;1280;333;0;day;pending_stage4
raw_downloads/wikimedia_commons/License_plates_in_Astrakhan_jpg.jpg;wikimedia_commons;https://commons.wikimedia.org/wiki/File:License_plates_in_Astrakhan.jpg;CC BY-SA 4.0;CC-BY-SA-4.0;russian license plate;type1;query_hint;0.750;0.030;1280;1707;0;day;pending_stage4
raw_downloads/wikimedia_commons/Russia_license_plates_png.png;wikimedia_commons;https://commons.wikimedia.org/wiki/File:Russia_license_plates.png;CC BY 2.5;CC-BY-2.5;russian license plate;type1;query_hint;1.757;0.003;1230;700;0;day,glare;pending_stage4
raw_downloads/wikimedia_commons/Russian_license_plate__for_exported_vehicles__new_png.png;wikimedia_commons;https://commons.wikimedia.org/wiki/File:Russian_license_plate_(for_exported_vehicles)_new.png;CC0;CC0-1.0;russian license plate;type1;query_hint;4.942;0.000;1280;259;0;day,glare;pending_stage4
raw_downloads/wikimedia_commons/Russian_license_plate__for_sport_vehicles__png.png;wikimedia_commons;https://commons.wikimedia.org/wiki/File:Russian_license_plate_(for_sport_vehicles).png;CC0;CC0-1.0;russian license plate;type1;query_hint;4.942;0.000;1280;259;0;day,glare;pending_stage4
raw_downloads/wikimedia_commons/20190525_152217_Russian_car_plate__Minsk_jpg.jpg;wikimedia_commons;https://commons.wikimedia.org/wiki/File:20190525_152217_Russian_car_plate,_Minsk.jpg;CC BY 3.0;CC-BY-3.0;Russia car registration plate;type1;query_hint;1.778;0.010;1280;720;0;day,glare;pending_stage4
raw_downloads/wikimedia_commons/Car-park_-_panoramio_jpg.jpg;wikimedia_commons;https://commons.wikimedia.org/wiki/File:Car-park_-_panoramio.jpg;CC BY-SA 3.0;CC-BY-SA-3.0;Russia car registration plate;type1;query_hint;1.716;0.081;1280;746;0;day;pending_stage4
raw_downloads/wikimedia_commons/Exeed_RX_test_drive_car_in_Tomsk_01_jpg.jpg;wikimedia_commons;https://commons.wikimedia.org/wiki/File:Exeed_RX_test_drive_car_in_Tomsk_01.jpg;CC BY-SA 4.0;CC-BY-SA-4.0;Russia car registration plate;type1;query_hint;1.499;0.131;1280;854;0;day;pending_stage4
raw_downloads/wikimedia_commons/Exeed_VX_test_drive_car_in_Tomsk_01_jpg.jpg;wikimedia_commons;https://commons.wikimedia.org/wiki/File:Exeed_VX_test_drive_car_in_Tomsk_01.jpg;CC BY-SA 4.0;CC-BY-SA-4.0;Russia car registration plate;type1;query_hint;1.499;0.145;1280;854;0;day;pending_stage4
raw_downloads/wikimedia_commons/Lada_Granta_driving_shool_car_in_Tomsk_JPG.jpg;wikimedia_commons;https://commons.wikimedia.org/wiki/File:Lada_Granta_driving_shool_car_in_Tomsk.JPG;CC BY-SA 4.0;CC-BY-SA-4.0;Russia car registration plate;type1;query_hint;1.501;0.060;1280;853;0;day;pending_stage4
raw_downloads/wikimedia_commons/Lada_Vesta_police_car_in_Tomsk_01_jpg.jpg;wikimedia_commons;https://commons.wikimedia.org/wiki/File:Lada_Vesta_police_car_in_Tomsk_01.jpg;CC BY-SA 4.0;CC-BY-SA-4.0;Russia car registration plate;type1;query_hint;1.610;0.000;1280;795;0;day;pending_stage4
raw_downloads/wikimedia_commons/Lada_Vesta_test_drive_car_in_Tomsk_01_jpg.jpg;wikimedia_commons;https://commons.wikimedia.org/wiki/File:Lada_Vesta_test_drive_car_in_Tomsk_01.jpg;CC BY-SA 4.0;CC-BY-SA-4.0;Russia car registration plate;type1;query_hint;1.501;0.015;1280;853;0;day;pending_stage4
raw_downloads/wikimedia_commons/Livan_X3_Pro_test_drive_car_in_Tomsk_01_jpg.jpg;wikimedia_commons;https://commons.wikimedia.org/wiki/File:Livan_X3_Pro_test_drive_car_in_Tomsk_01.jpg;CC BY-SA 4.0;CC-BY-SA-4.0;Russia car registration plate;type1;query_hint;1.499;0.002;1280;854;0;day;pending_stage4
raw_downloads/wikimedia_commons/Moscow_car_meet_2025-07-12_M-2140_01_jpg.jpg;wikimedia_commons;https://commons.wikimedia.org/wiki/File:Moscow_car_meet_2025-07-12_M-2140_01.jpg;CC0;CC0-1.0;Russia car registration plate;type1;query_hint;1.660;0.018;1280;771;0;day;pending_stage4
raw_downloads/wikimedia_commons/Moscow_car_meet_2025-07-12_M-2141_01_jpg.jpg;wikimedia_commons;https://commons.wikimedia.org/wiki/File:Moscow_car_meet_2025-07-12_M-2141_01.jpg;CC0;CC0-1.0;Russia car registration plate;type1;query_hint;1.501;0.015;1280;853;0;day;pending_stage4
raw_downloads/wikimedia_commons/Moscow_car_meet_2025-07-12_M-407_01_jpg.jpg;wikimedia_commons;https://commons.wikimedia.org/wiki/File:Moscow_car_meet_2025-07-12_M-407_01.jpg;CC0;CC0-1.0;Russia car registration plate;type1;query_hint;1.333;0.023;1280;960;0;day;pending_stage4
raw_downloads/wikimedia_commons/Moscow_car_meet_2025-07-12_M-407_02_jpg.jpg;wikimedia_commons;https://commons.wikimedia.org/wiki/File:Moscow_car_meet_2025-07-12_M-407_02.jpg;CC0;CC0-1.0;Russia car registration plate;type1;query_hint;1.333;0.036;1280;960;0;day;pending_stage4
raw_downloads/wikimedia_commons/Moscow_car_show_2025-08-03_GAZ-M20-Pobeda-Convertible_1949_03_jpg.jpg;wikimedia_commons;https://commons.wikimedia.org/wiki/File:Moscow_car_show_2025-08-03_GAZ-M20-Pobeda-Convertible_1949_03.jpg;CC0;CC0-1.0;Russia car registration plate;type1;query_hint;1.501;0.043;1280;853;0;day;pending_stage4
raw_downloads/wikimedia_commons/Anadyr_bus_jpg.jpg;wikimedia_commons;https://commons.wikimedia.org/wiki/File:Anadyr_bus.jpg;CC BY 2.0;CC-BY-2.0;category:Buses in Russia;type1b;query_hint;1.333;0.049;1280;960;0;day;pending_stage4
raw_downloads/wikimedia_commons/Bus_on_the_Road__9277247576__jpg.jpg;wikimedia_commons;https://commons.wikimedia.org/wiki/File:Bus_on_the_Road_(9277247576).jpg;CC BY 2.0;CC-BY-2.0;category:Buses in Russia;type1b;query_hint;1.502;0.040;1280;852;0;day;pending_stage4
raw_downloads/wikimedia_commons/Hammond_Slides_Yaroslavl_02_jpg.jpg;wikimedia_commons;https://commons.wikimedia.org/wiki/File:Hammond_Slides_Yaroslavl_02.jpg;CC BY-SA 4.0;CC-BY-SA-4.0;category:Buses in Russia;type1b;query_hint;1.299;0.000;1280;985;0;day;pending_stage4
raw_downloads/wikimedia_commons/Hristos_Voskrerse__Russian_Empire_Postcard_jpg.jpg;wikimedia_commons;https://commons.wikimedia.org/wiki/File:Hristos_Voskrerse,_Russian_Empire_Postcard.jpg;Public domain;CC0-1.0;category:Buses in Russia;type1b;query_hint;1.548;0.125;1280;827;0;day,glare;pending_stage4
raw_downloads/wikimedia_commons/IMGP3650__5193330199__jpg.jpg;wikimedia_commons;https://commons.wikimedia.org/wiki/File:IMGP3650_(5193330199).jpg;CC BY 2.0;CC-BY-2.0;category:Buses in Russia;type1b;query_hint;1.497;0.029;1024;684;0;day;pending_stage4
raw_downloads/wikimedia_commons/Kia_Granbird_in_Russia_jpg.jpg;wikimedia_commons;https://commons.wikimedia.org/wiki/File:Kia_Granbird_in_Russia.jpg;CC BY-SA 4.0;CC-BY-SA-4.0;category:Buses in Russia;type1b;query_hint;1.500;0.015;1200;800;0;day;pending_stage4
raw_downloads/wikimedia_commons/Laika_ac_Kolyma_Highway__6457671087__jpg.jpg;wikimedia_commons;https://commons.wikimedia.org/wiki/File:Laika_ac_Kolyma_Highway_(6457671087).jpg;CC BY-SA 2.0;CC-BY-SA-2.0;category:Buses in Russia;type1b;query_hint;1.333;0.039;1280;960;0;day,glare;pending_stage4
raw_downloads/wikimedia_commons/Leningradskaya__Krasnodar_Krai__Russia_-_panoramio_jpg.jpg;wikimedia_commons;https://commons.wikimedia.org/wiki/File:Leningradskaya,_Krasnodar_Krai,_Russia_-_panoramio.jpg;CC BY 3.0;CC-BY-3.0;category:Buses in Russia;type1b;query_hint;1.333;0.010;1280;960;0;day,glare;pending_stage4
raw_downloads/wikimedia_commons/M54-Yenisej_jpg.jpg;wikimedia_commons;https://commons.wikimedia.org/wiki/File:M54-Yenisej.jpg;CC BY-SA 3.0;CC-BY-SA-3.0;category:Buses in Russia;type1b;query_hint;1.333;0.090;1280;960;0;day;pending_stage4
raw_downloads/wikimedia_commons/North_bus_BFC6123C_in_Russia_JPG.jpg;wikimedia_commons;https://commons.wikimedia.org/wiki/File:North_bus_BFC6123C_in_Russia.JPG;CC BY-SA 3.0;CC-BY-SA-3.0;category:Buses in Russia;type1b;query_hint;1.501;0.017;1280;853;0;day;pending_stage4
raw_downloads/wikimedia_commons/RND_Lendvorec-2_jpg.jpg;wikimedia_commons;https://commons.wikimedia.org/wiki/File:RND_Lendvorec-2.jpg;CC0;CC0-1.0;category:Buses in Russia;type1b;query_hint;1.333;0.010;1280;960;0;day,glare;pending_stage4
